first_name,last_name,email,ip_address,department,username,Password
Aaron,Stevens,astevens1c@dailymotion.com,144.246.48.229,Product Management,astevens1c,IW8JT2R8
Amy,King,akingm@barnesandnoble.com,37.103.166.158,Human Resources,akingm,yH2gyDQZfjp
Andrew,Bowman,abowmane@bbb.org,194.147.141.95,Marketing,abowmane,dZfErQSdKFi
Beverly,Perez,bperez7@dailymotion.com,250.30.8.0,Product Management,bperez7,lBSdzIds6QZ4
Billy,Ramirez,bramirez12@ameblo.jp,59.199.83.184,Engineering,bramirez12,9cLR8rgBR1vM
Brandon,Cook,bcook4@umn.edu,234.228.150.168,Marketing,bcook4,AN1xnOoEa
Brenda,Brown,bbrowng@squidoo.com,152.51.251.169,Human Resources,bbrowng,nobbp57gdbyr
Carol,Ramos,cramosi@amazon.co.jp,148.215.170.92,Business Development,cramosi,bPiECXyyttt
Carol,White,cwhiten@dot.gov,186.64.183.48,Engineering,cwhiten,GEGLcGC
Carolyn,Torres,ctorres1d@china.com.cn,250.30.8.255,Training,ctorres1d,H6MIi6#
Craig,Stanley,cstanley16@bluehost.com,132.26.39.116,Accounting,cstanley16,mY4Gxv@FB5m
Donna,Brooks,dbrooks6@reference.com,12.201.173.235,Accounting,dbrooks6,CCY2ROi
Earl,Bradley,ebradleyu@scribd.com,2.211.31.161,Research and Development,ebradleyu,6tPJtQzagXB
Earl,Peterson,epeterson19@bigcartel.com,80.151.104.248,Engineering,epeterson19,SZgcQviKSs
Edward,Jacobs,ejacobsf@liveinternet.ru,39.2.217.52,Services,ejacobsf,bnXT2chm
Elizabeth,Fields,efieldst@cmu.edu,250.30.8.150,Product Management,efieldst,J1ovlcLa6
Eric,Weaver,eweaverr@1688.com,87.40.205.9,Legal,eweaverr,lzZcZfle6TGw
Evelyn,Gordon,egordona@cisco.com,153.154.111.61,Engineering,egordona,Ckj83V
Evelyn,Hill,ehill15@exblog.jp,184.181.152.175,Legal,ehill15,tBuCz8P!Dq
Gary,Brooks,gbrooks13@histats.com,216.96.51.246,Engineering,gbrooks13,TPgO6Z
Harry,Ross,hrossj@comsenz.com,203.190.216.65,Product Management,hrossj,OEiKbji5aIZR
Jack,Cole,jcole11@wordpress.com,139.108.79.51,Training,jcole11,FnqjlXcq
Jason,Woods,jwoods1b@seattletimes.com,165.149.239.64,Training,jwoods1b,mIitcovEbx
Jean,Carroll,jcarrollo@harvard.edu,251.224.167.211,Engineering,jcarrollo,IkCyY68uXtOc
Jean,Hernandez,jhernandez5@jiathis.com,87.29.92.96,Services,jhernandez5,JEcZgPrabM
Jeremy,Rice,jricel@usnews.com,200.15.10.10,Legal,jricel,tDl9fBx
John,Foster,jfosterz@mozilla.org,38.7.6.210,Accounting,jfosterz,ZxldlZ
Joyce,Davis,jdavis17@ted.com,191.126.4.116,Human Resources,jdavis17,swgeG0tZPKg
Judith,Moreno,jmoreno8@irs.gov,200.5.10.192,Services,jmoreno8,Q5ja1BQLpm
Judith,Knight,jknight0@addtoany.com,250.30.8.192,Product Management,jknight0,xwCLUgZ8
Larry,Perkins,lperkinsd@sun.com,141.208.232.85,Research and Development,lperkinsd,N3D7CVLUU
Lisa,Hall,lhalls@fotki.com,26.249.93.2,Research and Development,lhalls,89C8ezaHl&
Lisa,Olson,lolsonv@is.gd,76.47.9.117,Training,lolsonv,agpSQCIO
Louise,Harper,lharperk@elpais.com,200.10.6.15,Accounting,lharperk,ij5EngNvZ
Margaret,Marshall,mmarshallq@ft.com,116.86.86.198,Business Development,mmarshallq,QDTapmfdFR
Maria,Wood,mwood18@nytimes.com,202.109.4.83,Engineering,mwood18,wtRvEHXJAJ
Melissa,Howell,mhowell14@loc.gov,177.18.88.17,Research and Development,mhowell14,32ZKJpSls
Melissa,Perez,mperez2@narod.ru,6.68.31.118,Research and Development,mperez2,Cx3GFRn1
Mildred,Mills,mmillsc@netlog.com,200.10.15.99,Support,mmillsc,NeWxKj
Mildred,Morgan,mmorganw@people.com.cn,251.66.18.239,Product Management,mmorganw,ERZXZA8NJ
Norma,Smith,nsmith1@google.ca,208.136.31.10,Business Development,nsmith1,Ey5xoSZLJH
Patricia,King,pking10@prnewswire.com,3.198.11.108,Marketing,pking10,IQpD2urvpXhD
Peter,Gomez,pgomez1a@wufoo.com,9.27.219.33,Training,pgomez1a,XdT7kLS9XtAK
Phyllis,Snyder,psnyderb@springer.com,103.207.112.178,Legal,psnyderb,jLsJKlU
Randy,Castillo,rcastillox@constantcontact.com,85.167.30.240,Services,rcastillox,ovvLz0dnvf
Russell,Long,rlongp@feedburner.com,217.238.230.84,Support,rlongp,bdQGwIUV91
Russell,Davis,rdavisy@kickstarter.com,200.10.15.1,Human Resources,rdavisy,9YXZPyy!!FIk8c
Sara,Turner,sturnerh@buzzfeed.com,82.189.156.223,Services,sturnerh,JWiequYiS5
Sharon,Allen,sallen9@blogs.com,148.21.170.144,Engineering,sallen9,msklJMIjP
Todd,White,twhite3@dailymail.co.uk,200.10.15.88,Accounting,twhite3,hBnETv
